[{"number":3,"type":"rollNumber"},{"offer":{"brick":10,"wood":8,"sheep":10,"wheat":10,"ore":10},"type":"maritimeTrade"},{"roadLocation":{"direction":"SE","x":1,"y":0},"ownerID":0,"free":false,"type":"buildRoad"},{"roadLocation":{"direction":"S","x":2,"y":-1},"ownerID":0,"free":false,"type":"buildRoad"},{"roadLocation":{"direction":"SE","x":2,"y":-1},"ownerID":0,"free":false,"type":"buildRoad"},{"roadLocation":{"direction":"SW","x":3,"y":-2},"ownerID":0,"free":false,"type":"buildRoad"},{"roadLocation":{"direction":"SE","x":2,"y":-2},"ownerID":0,"free":false,"type":"buildRoad"},{"vertexLocation":{"direction":"E","x":1,"y":1},"ownerID":0,"free":false,"type":"buildCity"},{"vertexLocation":{"direction":"E","x":2,"y":-1},"ownerID":0,"free":false,"type":"buildSettlement"},{"vertexLocation":{"direction":"E","x":2,"y":-1},"ownerID":0,"free":false,"type":"buildCity"},{"buyerId":0,"type":"buyDevCard"},{"buyerId":0,"type":"buyDevCard"},{"buyerId":0,"type":"buyDevCard"},{"buyerId":0,"type":"buyDevCard"},{"type":"finishTurn"},{"number":5,"type":"rollNumber"},{"type":"finishTurn"},{"number":5,"type":"rollNumber"},{"type":"finishTurn"},{"type":"finishTurn"},{"number":5,"type":"rollNumber"},{"number":5,"type":"rollNumber"},{"type":"finishTurn"},{"number":5,"type":"rollNumber"},{"offer":{"brick":10,"wood":10,"sheep":10,"wheat":10,"ore":10},"type":"maritimeTrade"},{"buyerId":0,"type":"buyDevCard"},{"buyerId":0,"type":"buyDevCard"},{"location":{"x":1,"y":-1},"victimID":2,"cardType":"Soldier","type":"Soldier"}]
