{"deck":
{"yearOfPlenty":
2,"monopoly":
2,"soldier":
14,"roadBuilding":
2,"monument":
5},"map":
{"hexes":
[{"location":
{"x":
0,"y":
-2}},{"resource":
"brick","location":
{"x":
1,"y":
-2},"number":
4},{"resource":
"wood","location":
{"x":
2,"y":
-2},"number":
11},{"resource":
"brick","location":
{"x":
-1,"y":
-1},"number":
8},{"resource":
"wood","location":
{"x":
0,"y":
-1},"number":
3},{"resource":
"ore","location":
{"x":
1,"y":
-1},"number":
9},{"resource":
"sheep","location":
{"x":
2,"y":
-1},"number":
12},{"resource":
"ore","location":
{"x":
-2,"y":
0},"number":
5},{"resource":
"sheep","location":
{"x":
-1,"y":
0},"number":
10},{"resource":
"wheat","location":
{"x":
0,"y":
0},"number":
11},{"resource":
"brick","location":
{"x":
1,"y":
0},"number":
5},{"resource":
"wheat","location":
{"x":
2,"y":
0},"number":
6},{"resource":
"wheat","location":
{"x":
-2,"y":
1},"number":
2},{"resource":
"sheep","location":
{"x":
-1,"y":
1},"number":
9},{"resource":
"wood","location":
{"x":
0,"y":
1},"number":
4},{"resource":
"sheep","location":
{"x":
1,"y":
1},"number":
10},{"resource":
"wood","location":
{"x":
-2,"y":
2},"number":
6},{"resource":
"ore","location":
{"x":
-1,"y":
2},"number":
3},{"resource":
"wheat","location":
{"x":
0,"y":
2},"number":
8}],"roads":
[{"owner":
1,"location":
{"direction":
"S","x":
-1,"y":
-1}},{"owner":
3,"location":
{"direction":
"SW","x":
-1,"y":
1}},{"owner":
3,"location":
{"direction":
"SW","x":
2,"y":
-2}},{"owner":
2,"location":
{"direction":
"S","x":
1,"y":
-1}},{"owner":
0,"location":
{"direction":
"S","x":
0,"y":
1}},{"owner":
2,"location":
{"direction":
"S","x":
0,"y":
0}},{"owner":
1,"location":
{"direction":
"SW","x":
-2,"y":
1}},{"owner":
0,"location":
{"direction":
"SW","x":
2,"y":
0}}],"cities":
[],"settlements":
[{"owner":
3,"location":
{"direction":
"SW","x":
-1,"y":
1}},{"owner":
3,"location":
{"direction":
"SE","x":
1,"y":
-2}},{"owner":
2,"location":
{"direction":
"SW","x":
0,"y":
0}},{"owner":
2,"location":
{"direction":
"SW","x":
1,"y":
-1}},{"owner":
1,"location":
{"direction":
"SW","x":
-2,"y":
1}},{"owner":
0,"location":
{"direction":
"SE","x":
0,"y":
1}},{"owner":
1,"location":
{"direction":
"SW","x":
-1,"y":
-1}},{"owner":
0,"location":
{"direction":
"SW","x":
2,"y":
0}}],"radius":
3,"ports":
[{"ratio":
2,"resource":
"ore","direction":
"S","location":
{"x":
1,"y":
-3}},{"ratio":
3,"direction":
"SW","location":
{"x":
3,"y":
-3}},{"ratio":
3,"direction":
"NW","location":
{"x":
2,"y":
1}},{"ratio":
2,"resource":
"brick","direction":
"NE","location":
{"x":
-2,"y":
3}},{"ratio":
2,"resource":
"wheat","direction":
"S","location":
{"x":
-1,"y":
-2}},{"ratio":
2,"resource":
"wood","direction":
"NE","location":
{"x":
-3,"y":
2}},{"ratio":
3,"direction":
"SE","location":
{"x":
-3,"y":
0}},{"ratio":
2,"resource":
"sheep","direction":
"NW","location":
{"x":
3,"y":
-1}},{"ratio":
3,"direction":
"N","location":
{"x":
0,"y":
3}}],"robber":
{"x":
0,"y":
-2}},"players":
[{"resources":
{"brick":
0,"wood":
1,"sheep":
1,"wheat":
1,"ore":
0},"oldDevCards":
{"yearOfPlenty":
0,"monopoly":
0,"soldier":
0,"roadBuilding":
0,"monument":
0},"newDevCards":
{"yearOfPlenty":
0,"monopoly":
0,"soldier":
0,"roadBuilding":
0,"monument":
0},"roads":
13,"cities":
4,"settlements":
3,"soldiers":
0,"victoryPoints":
2,"monuments":
0,"playedDevCard":
false,"discarded":
false,"playerID":
0,"playerIndex":
0,"name":
"pedro","color":
"orange"},{"resources":
{"brick":
1,"wood":
0,"sheep":
1,"wheat":
0,"ore":
1},"oldDevCards":
{"yearOfPlenty":
0,"monopoly":
0,"soldier":
0,"roadBuilding":
0,"monument":
0},"newDevCards":
{"yearOfPlenty":
0,"monopoly":
0,"soldier":
0,"roadBuilding":
0,"monument":
0},"roads":
13,"cities":
4,"settlements":
3,"soldiers":
0,"victoryPoints":
2,"monuments":
0,"playedDevCard":
false,"discarded":
false,"playerID":
1,"playerIndex":
1,"name":
"jose","color":
"blue"},{"resources":
{"brick":
0,"wood":
1,"sheep":
1,"wheat":
1,"ore":
0},"oldDevCards":
{"yearOfPlenty":
0,"monopoly":
0,"soldier":
0,"roadBuilding":
0,"monument":
0},"newDevCards":
{"yearOfPlenty":
0,"monopoly":
0,"soldier":
0,"roadBuilding":
0,"monument":
0},"roads":
13,"cities":
4,"settlements":
3,"soldiers":
0,"victoryPoints":
2,"monuments":
0,"playedDevCard":
false,"discarded":
false,"playerID":
2,"playerIndex":
2,"name":
"pablo","color":
"red"},{"resources":
{"brick":
0,"wood":
1,"sheep":
1,"wheat":
0,"ore":
1},"oldDevCards":
{"yearOfPlenty":
0,"monopoly":
0,"soldier":
0,"roadBuilding":
0,"monument":
0},"newDevCards":
{"yearOfPlenty":
0,"monopoly":
0,"soldier":
0,"roadBuilding":
0,"monument":
0},"roads":
13,"cities":
4,"settlements":
3,"soldiers":
0,"victoryPoints":
2,"monuments":
0,"playedDevCard":
false,"discarded":
false,"playerID":
3,"playerIndex":
3,"name":
"jesus","color":
"green"}],"log":
{"lines":
[{"source":
"pedro","message":
"pedro built a road"},{"source":
"pedro","message":
"pedro built a settlement"},{"source":
"pedro","message":
"pedro's turn just ended"},{"source":
"jose","message":
"jose built a road"},{"source":
"jose","message":
"jose built a settlement"},{"source":
"jose","message":
"jose's turn just ended"},{"source":
"pablo","message":
"pablo built a road"},{"source":
"pablo","message":
"pablo built a settlement"},{"source":
"pablo","message":
"pablo's turn just ended"},{"source":
"jesus","message":
"jesus built a road"},{"source":
"jesus","message":
"jesus built a settlement"},{"source":
"jesus","message":
"jesus's turn just ended"},{"source":
"jesus","message":
"jesus built a road"},{"source":
"jesus","message":
"jesus built a settlement"},{"source":
"jesus","message":
"jesus's turn just ended"},{"source":
"pablo","message":
"pablo built a road"},{"source":
"pablo","message":
"pablo built a settlement"},{"source":
"pablo","message":
"pablo's turn just ended"},{"source":
"jose","message":
"jose built a road"},{"source":
"jose","message":
"jose built a settlement"},{"source":
"jose","message":
"jose's turn just ended"},{"source":
"pedro","message":
"pedro built a road"},{"source":
"pedro","message":
"pedro built a settlement"},{"source":
"pedro","message":
"pedro's turn just ended"}]},"chat":
{"lines":
[]},"bank":
{"brick":
23,"wood":
21,"sheep":
20,"wheat":
22,"ore":
22},"turnTracker":
{"status":
"Rolling","currentTurn":
0,"longestRoad":
-1,"largestArmy":
-1},"winner":
-1,"version":
0}
